id;picture;gender;hobby;about_me
1;Chips Automotive generation;core;Spain Bhutan;Enterprise-wide
2;Bedfordshire Representative;calculate Singapore;optical Associate Money;Health Cordoba withdrawal
3;24/7 card Fish;supply-chains RAM Rustic;Liberian;reintermediate Idaho
4;Frozen grey IB;innovative Automotive Intelligent;iterate;International functionalities
5;EXE;Beauty Switchable;digital models Refined;action-items HTTP Sleek
6;Denmark convergence Rue;Connecticut Producer Oregon;microchip Bedfordshire Personal;networks Fresh
7;Soft Concrete;generation;virtual;Netherlands
8;IB drive deposit;salmon Mexico Danish;Slovakia Colorado;value-added vortals
9;hierarchy Licensed IB;Multi-channelled Account;compress Ball;synthesizing SQL Mississippi
10;neural deposit;Customer Data;Steel EXE Dynamic;Cotton hacking system
