id;name;description;employability;average_salary;picture
1;Assistant;green mobile web;Interactions;33877;initiatives Functionality
2;partnerships Frozen green;transmit;virtual;28583;Arizona Gibraltar
3;invoice hacking Applications;TCP Berkshire;Buckinghamshire Tajikistan initiatives;68508;Mouse parsing Ergonomic
4;bandwidth;XML Music tan;Savings;24355;parse
5;payment dot-com Industrial;Interactions;bypass Secured;86256;Account
6;Ukraine;standardization;Garden;65751;Assistant compress bypassing
7;calculate iterate;Brook implementation Car;Car Steel;13556;Health Loan
8;Rubber;client-driven;Maine interactive;2236;Pennsylvania
9;Communications Bedfordshire Intranet;Alabama Account;Concrete capacity global;23376;Utah Rubber
10;Wooden hardware;Mobility Computer deposit;Berkshire;79577;purple
